"Guid","AccountId","AssistantName","AssistantPhone","Birthdate","Department","Description","Email","EmailBouncedReason","Fax","FirstName","HomePhone","Jigsaw","Languages__c","LastName","LeadSource","Level__c","MailingCity","MailingCountry","MailingGeocodeAccuracy","MailingLatitude","MailingLongitude","MailingPostalCode","MailingState","MailingStreet","MobilePhone","OtherCity","OtherCountry","OtherGeocodeAccuracy","OtherLatitude","OtherLongitude","OtherPhone","OtherPostalCode","OtherState","OtherStreet","Phone","ReportsToId","Salutation","Title"
24fd290f-c43c-40fc-8935-e2a7a9c01041,be1d56d7-f0df-43c8-86d9-d8765c2746c4,"#N/A","#N/A","#N/A","#N/A","#N/A",jrogers@burlington.com,"#N/A",(336) 222-8000,Jack,"#N/A","#N/A","#N/A",Rogers,Web,"#N/A",Burlington,USA,"#N/A","#N/A","#N/A",27215,NC,525 S. Lexington Ave,"#N/A","#N/A","#N/A","#N/A","#N/A","#N/A","#N/A","#N/A","#N/A","#N/A",(336) 222-7000,"#N/A",Mr.,"VP, Facilities"
26ab3c3e-27e6-495e-a930-f497abef393c,3407da23-8b2f-4faa-8923-4318d10d7625,"#N/A","#N/A",1953-02-04,Executive Team,"#N/A",tripley@uog.com,"#N/A",(650) 450-8820,Tom,"#N/A","#N/A",English,Ripley,Public Relations,Primary,"#N/A","#N/A","#N/A","#N/A","#N/A","#N/A","#N/A","9 Tagore Lane
Singapore, Singapore 787472
Singapore",(650) 345-7636,"#N/A","#N/A","#N/A","#N/A","#N/A","#N/A","#N/A","#N/A","#N/A",(650) 450-8810,"#N/A",Mr.,Regional General Manager
280f4d7c-a6b2-4975-821e-29ea6616505e,7921adb3-96fe-4266-889a-79d01a8f5aa9,"#N/A","#N/A","#N/A","#N/A","#N/A","#N/A","#N/A","#N/A",Jake,"#N/A","#N/A","#N/A",Llorrac,"#N/A","#N/A","#N/A","#N/A","#N/A","#N/A","#N/A","#N/A","#N/A","#N/A","#N/A","#N/A","#N/A","#N/A","#N/A","#N/A","#N/A","#N/A","#N/A","#N/A","#N/A","#N/A",Mr.,"#N/A"
2a201ccc-b83f-4f51-8f2d-0e06096c024f,4dfa9c1c-abeb-471e-a619-9da88a90301f,Pat Feinstein,(212) 842-5464,1954-03-31,Executive Team,"#N/A",asong@uog.com,"#N/A",(212) 842-5501,Arthur,"#N/A","#N/A",English,Song,Public Relations,Secondary,"#N/A","#N/A","#N/A","#N/A","#N/A","#N/A","#N/A","1301 Avenue of the Americas 
New York, NY 10019
USA",(212) 842-4535,"#N/A","#N/A","#N/A","#N/A","#N/A","#N/A","#N/A","#N/A","#N/A",(212) 842-5500,"#N/A",Mr.,CEO
358afb19-e7ce-4021-bf39-1059f80be106,a72b391e-bc52-459d-b371-91a265f5ad14,"#N/A","#N/A",1970-08-12,Procurement,"#N/A",rose@edge.com,"#N/A",(512) 757-9000,Rose,"#N/A","#N/A",English,Gonzalez,Trade Show,Primary,"#N/A","#N/A","#N/A","#N/A","#N/A","#N/A","#N/A","313 Constitution Place
Austin, TX 78767
USA",(512) 757-9340,"#N/A","#N/A","#N/A","#N/A","#N/A","#N/A","#N/A","#N/A","#N/A",(512) 757-6000,"#N/A",Ms.,"SVP, Procurement"
3bb52a15-99b8-4af7-9f47-9fee00119433,f7ff76ab-8fdb-4141-b945-14b3175e2b53,"#N/A","#N/A",1948-12-08,Finance,"#N/A",ajames@uog.com,"#N/A",+44 191 4956620,Ashley,"#N/A","#N/A",English,James,Public Relations,Primary,"#N/A","#N/A","#N/A","#N/A","#N/A","#N/A","#N/A","Kings Park, 17th Avenue, Team Valley Trading Estate,
Gateshead, Tyne and Wear NE26 3HS
United Kingdom",+44 191 3456234,"#N/A","#N/A","#N/A","#N/A","#N/A","#N/A","#N/A","#N/A","#N/A",+44 191 4956203,"#N/A",Ms.,"VP, Finance"
485c139e-b32b-4d27-8c1e-c361d9bfb5fc,4dfa9c1c-abeb-471e-a619-9da88a90301f,Audrey Haynes,(212) 842-5589,1945-12-03,Production,"#N/A",spavlova@uog.com,"#N/A",(212) 842-5501,Stella,"#N/A","#N/A",English,Pavlova,Public Relations,Tertiary,"#N/A","#N/A","#N/A","#N/A","#N/A","#N/A","#N/A","1303 Avenue of the Americas 
New York, NY 10019
USA",(212) 842-5501,"#N/A","#N/A","#N/A","#N/A","#N/A",(212) 842-5543,"#N/A","#N/A","#N/A",(212) 842-5500,"#N/A",Ms.,"SVP, Production"
5628765a-f1ac-47e6-bcdb-872134d57f7d,a72b391e-bc52-459d-b371-91a265f5ad14,"#N/A","#N/A",1949-05-10,Finance,"#N/A",sean@edge.com,"#N/A",(512) 757-9000,Sean,"#N/A","#N/A",English,Forbes,Trade Show,Secondary,"#N/A","#N/A","#N/A","#N/A","#N/A","#N/A","#N/A","312 Constitution Place
Austin, TX 78767
USA",(512) 757-4561,"#N/A","#N/A","#N/A","#N/A","#N/A","#N/A","#N/A","#N/A","#N/A",(512) 757-6000,"#N/A",Mr.,CFO
5a05a30e-5cca-4b02-95c8-473adee4193f,91dcfc46-2331-485f-ba61-be5915c45b60,Jean Marie,(014) 427-4465,"#N/A",Finance,"#N/A",pat@pyramid.net,"#N/A",(014) 427-4428,Pat,"#N/A","#N/A","French, English",Stumuller,"#N/A",Primary,Paris,France,"#N/A","#N/A","#N/A",75251,"#N/A",2 Place Jussieu,(014) 454-6364,Paris,France,"#N/A","#N/A","#N/A","#N/A",75251,"#N/A",2 Place Jussieu,(014) 427-4427,"#N/A",Ms.,"SVP, Administration and Finance"
62138cb0-11de-44bf-92c2-2d61a572fad8,77e23ad8-4248-42b2-ac28-d2a7e29587b4,"#N/A","#N/A",1944-10-22,Technology,"#N/A",efrank@genepoint.com,"#N/A",(650) 867-9895,Edna,"#N/A","#N/A",English,Frank,Partner,Primary,"#N/A","#N/A","#N/A","#N/A","#N/A","#N/A","#N/A","345 Shoreline Park
Mountain View, CA 94043
USA",(650) 867-7686,"#N/A","#N/A","#N/A","#N/A","#N/A","#N/A","#N/A","#N/A","#N/A",(650) 867-3450,"#N/A",Ms.,"VP, Technology"
7c80d24f-9640-4c97-a42a-fe777df21081,bc2ef98a-0fe5-4f67-aa6c-080cfb7223df,Ron Sage,(503) 421-6782,1939-07-20,Operations,"#N/A",b.levy@expressl&t.net,"#N/A",(503) 421-7801,Babara,"#N/A","#N/A",English,Levy,Word of mouth,Primary,"#N/A","#N/A","#N/A","#N/A","#N/A","#N/A","#N/A","620 SW 5th Avenue Suite 400
Portland, Oregon 97204
United States",(503) 421-5451,"#N/A","#N/A","#N/A","#N/A","#N/A","#N/A","#N/A","#N/A","#N/A",(503) 421-7800,"#N/A",Ms.,"SVP, Operations"
96f0d3ce-6bbb-4d75-b051-3b80cf2ca613,bc2ef98a-0fe5-4f67-aa6c-080cfb7223df,"#N/A","#N/A",1950-11-13,Warehouse Mgmt,"#N/A",j.davis@expressl&t.net,"#N/A",(503) 421-7801,Josh,"#N/A","#N/A",English,Davis,Word of mouth,Secondary,"#N/A","#N/A","#N/A","#N/A","#N/A","#N/A","#N/A","621 SW 5th Avenue Suite 400
Portland, Oregon 97204
United States",(503) 421-4387,"#N/A","#N/A","#N/A","#N/A","#N/A","#N/A","#N/A","#N/A","#N/A",(503) 421-7800,"#N/A",Mr.,"Director, Warehouse Mgmt"
9c724654-120a-4663-bf17-d55564ac9508,3407da23-8b2f-4faa-8923-4318d10d7625,"#N/A","#N/A",1964-05-17,Production,"#N/A",ldcruz@uog.com,"#N/A",(650) 450-8820,Liz,"#N/A","#N/A",English,D'Cruz,Public Relations,Secondary,"#N/A","#N/A","#N/A","#N/A","#N/A","#N/A","#N/A","10 Tagore Lane
Singapore, Singapore 787472
Singapore",(650) 345-6637,"#N/A","#N/A","#N/A","#N/A","#N/A","#N/A","#N/A","#N/A","#N/A",(650) 450-8810,"#N/A",Ms.,"VP, Production"
9ce0c71d-e563-4087-ac6b-e599b4864d69,fe13ea5b-67af-4a99-8be3-26b95fed403c,"#N/A","#N/A",1946-09-30,Administration,"#N/A",jane_gray@uoa.edu,"#N/A",(520) 773-9060,Jane,"#N/A","#N/A",English,Grey,Word of mouth,Primary,"#N/A","#N/A","#N/A","#N/A","#N/A","#N/A","#N/A","888 N Euclid 
Hallis Center, Room 501
Tucson, AZ 85721
United States",(520) 773-4539,"#N/A","#N/A","#N/A","#N/A","#N/A","#N/A","#N/A","#N/A","#N/A",(520) 773-9050,"#N/A",Ms.,Dean of Administration
aa0e6a7c-6d0b-48fe-ba27-03c3d489e779,683dc9be-a506-4f9e-a5ec-a8760418dcf5,"#N/A","#N/A","#N/A",Internal Operations,"#N/A",a_young@dickenson.com,"#N/A","#N/A",Andy,"#N/A","#N/A",English,Young,Purchased List,Primary,Lawrence,USA,"#N/A","#N/A","#N/A",66045,KS,1301 Hoch Drive,(785) 265-5350,Lawrence,USA,"#N/A","#N/A","#N/A","#N/A",66045,KS,1301 Hoch Drive,(785) 241-6200,"#N/A",Mr,"SVP, Operations"
adc8795f-fd51-479b-b1f7-68cb35b8e241,7921adb3-96fe-4266-889a-79d01a8f5aa9,"#N/A","#N/A","#N/A","#N/A","#N/A","#N/A","#N/A","#N/A",Siddartha,"#N/A","#N/A","#N/A",Nedaerk,"#N/A","#N/A",San Francisco,US,"#N/A","#N/A","#N/A",94087,CA,The Landmark @ One Market,"#N/A","#N/A","#N/A","#N/A","#N/A","#N/A","#N/A","#N/A","#N/A","#N/A","#N/A","#N/A",Ms.,"#N/A"
b440f4bb-af0d-432a-a9e6-ac1e2ae8c350,20b0daaf-9611-4168-ba8f-2c0c3d67e305,"#N/A","#N/A",1958-06-19,Facilities,"#N/A",bond_john@grandhotels.com,"#N/A",(312) 596-1500,John,"#N/A","#N/A",English,Bond,External Referral,Primary,"#N/A","#N/A","#N/A","#N/A","#N/A","#N/A","#N/A","2334 N. Michigan Avenue, Suite 1500
Chicago, IL 60601, USA",(312) 596-1563,"#N/A","#N/A","#N/A","#N/A","#N/A","#N/A","#N/A","#N/A","#N/A",(312) 596-1000,"#N/A",Mr.,"VP, Facilities"
e06ca21f-4e9c-4811-bfd7-9ffa90a14d75,20b0daaf-9611-4168-ba8f-2c0c3d67e305,"#N/A","#N/A",1956-04-07,Finance,"#N/A",barr_tim@grandhotels.com,"#N/A",(312) 596-1500,Tim,"#N/A","#N/A",English,Barr,External Referral,Secondary,"#N/A","#N/A","#N/A","#N/A","#N/A","#N/A","#N/A","2335 N. Michigan Avenue, Suite 1500
Chicago, IL 60601, USA",(312) 596-1230,"#N/A","#N/A","#N/A","#N/A","#N/A","#N/A","#N/A","#N/A","#N/A",(312) 596-1000,"#N/A",Mr.,"SVP, Administration and Finance"
f26a2e8d-7171-4722-a4bf-2e9b6f567225,4dfa9c1c-abeb-471e-a619-9da88a90301f,Chris Nobel,(212) 842-5428,1936-03-11,Finance,"#N/A",agreen@uog.com,"#N/A",(212) 842-5501,Avi,"#N/A","#N/A",English,Green,Public Relations,Primary,"#N/A","#N/A","#N/A","#N/A","#N/A","#N/A","#N/A","1302 Avenue of the Americas 
New York, NY 10019
USA",(212) 842-2383,"#N/A","#N/A","#N/A","#N/A","#N/A","#N/A","#N/A","#N/A","#N/A",(212) 842-5500,"#N/A",Mr.,CFO
fa2be320-8ac6-4bb3-882e-700e26d02a21,4dfa9c1c-abeb-471e-a619-9da88a90301f,"#N/A","#N/A",1963-01-16,Technology,"#N/A",lboyle@uog.com,"#N/A",(212) 842-5501,Lauren,"#N/A","#N/A",English,Boyle,Public Relations,Secondary,"#N/A","#N/A","#N/A","#N/A","#N/A","#N/A","#N/A","1304 Avenue of the Americas 
New York, NY 10019
USA",(212) 842-5611,"#N/A","#N/A","#N/A","#N/A","#N/A","#N/A","#N/A","#N/A","#N/A",(212) 842-5500,"#N/A",Ms.,"SVP, Technology"
